mission,frames,source_mapping,canonical_EN_TR,status,open_acceptance
m01,3,NEW_SOURCE_PRESERVING_CANDIDATE,ALL_STEPS_ORDERED_TEST_PASS,TECHNICAL_REVIEW_CANDIDATE,new art field/child readability; no human acceptance inferred
m02,4,NEW_SOURCE_PRESERVING_CANDIDATE,ALL_STEPS_ORDERED_TEST_PASS,TECHNICAL_REVIEW_CANDIDATE,new art field/child readability; no human acceptance inferred
m03,3,RETAINED_CANDIDATE,ALL_STEPS_ORDERED_TEST_PASS,TECHNICAL_REVIEW_CANDIDATE,new art field/child readability; no human acceptance inferred
m04,6,NEW_SOURCE_PRESERVING_CANDIDATE,ALL_STEPS_ORDERED_TEST_PASS,TECHNICAL_REVIEW_CANDIDATE,new art field/child readability; no human acceptance inferred
m05,3,RETAINED_CANDIDATE,ALL_STEPS_ORDERED_TEST_PASS,TECHNICAL_REVIEW_CANDIDATE,new art field/child readability; no human acceptance inferred
m06,3,NEW_SOURCE_PRESERVING_CANDIDATE,ALL_STEPS_ORDERED_TEST_PASS,TECHNICAL_REVIEW_CANDIDATE,new art field/child readability; no human acceptance inferred
m07,4,NEW_SOURCE_PRESERVING_CANDIDATE,ALL_STEPS_ORDERED_TEST_PASS,TECHNICAL_REVIEW_CANDIDATE,new art field/child readability; no human acceptance inferred
m08,3,RETAINED_CANDIDATE,ALL_STEPS_ORDERED_TEST_PASS,TECHNICAL_REVIEW_CANDIDATE,new art field/child readability; no human acceptance inferred
m09,3,NEW_SOURCE_PRESERVING_CANDIDATE,ALL_STEPS_ORDERED_TEST_PASS,TECHNICAL_REVIEW_CANDIDATE,new art field/child readability; no human acceptance inferred
m10,3,RETAINED_CANDIDATE,ALL_STEPS_ORDERED_TEST_PASS,TECHNICAL_REVIEW_CANDIDATE,new art field/child readability; no human acceptance inferred
m11,3,NEW_SOURCE_PRESERVING_CANDIDATE,ALL_STEPS_ORDERED_TEST_PASS,TECHNICAL_REVIEW_CANDIDATE,new art field/child readability; no human acceptance inferred
m12,3,NEW_SOURCE_PRESERVING_CANDIDATE,ALL_STEPS_ORDERED_TEST_PASS,TECHNICAL_REVIEW_CANDIDATE,new art field/child readability; no human acceptance inferred
m13,3,NEW_SOURCE_PRESERVING_CANDIDATE,ALL_STEPS_ORDERED_TEST_PASS,TECHNICAL_REVIEW_CANDIDATE,new art field/child readability; no human acceptance inferred
m14,3,NEW_SOURCE_PRESERVING_CANDIDATE,ALL_STEPS_ORDERED_TEST_PASS,TECHNICAL_REVIEW_CANDIDATE,new art field/child readability; no human acceptance inferred
m15,3,NEW_SOURCE_PRESERVING_CANDIDATE,ALL_STEPS_ORDERED_TEST_PASS,TECHNICAL_REVIEW_CANDIDATE,new art field/child readability; no human acceptance inferred
m16,4,NEW_SOURCE_PRESERVING_CANDIDATE,ALL_STEPS_ORDERED_TEST_PASS,TECHNICAL_REVIEW_CANDIDATE,new art field/child readability; no human acceptance inferred
m17,4,NEW_SOURCE_PRESERVING_CANDIDATE,ALL_STEPS_ORDERED_TEST_PASS,TECHNICAL_REVIEW_CANDIDATE,new art field/child readability; no human acceptance inferred
m18,3,NEW_SOURCE_PRESERVING_CANDIDATE,ALL_STEPS_ORDERED_TEST_PASS,TECHNICAL_REVIEW_CANDIDATE,new art field/child readability; no human acceptance inferred
m19,2,NEW_SOURCE_PRESERVING_CANDIDATE,ALL_STEPS_ORDERED_TEST_PASS,TECHNICAL_REVIEW_CANDIDATE,new art field/child readability; no human acceptance inferred
m20,3,NEW_SOURCE_PRESERVING_CANDIDATE,ALL_STEPS_ORDERED_TEST_PASS,TECHNICAL_REVIEW_CANDIDATE,new art field/child readability; no human acceptance inferred
m21,3,NEW_SOURCE_PRESERVING_CANDIDATE,ALL_STEPS_ORDERED_TEST_PASS,TECHNICAL_REVIEW_CANDIDATE,new art field/child readability; no human acceptance inferred
m22,3,NEW_SOURCE_PRESERVING_CANDIDATE,ALL_STEPS_ORDERED_TEST_PASS,TECHNICAL_REVIEW_CANDIDATE,new art field/child readability; no human acceptance inferred
m23,4,NEW_SOURCE_PRESERVING_CANDIDATE,ALL_STEPS_ORDERED_TEST_PASS,TECHNICAL_REVIEW_CANDIDATE,new art field/child readability; no human acceptance inferred
m24,4,NEW_SOURCE_PRESERVING_CANDIDATE,ALL_STEPS_ORDERED_TEST_PASS,TECHNICAL_REVIEW_CANDIDATE,new art field/child readability; no human acceptance inferred
m25,3,RETAINED_CANDIDATE,ALL_STEPS_ORDERED_TEST_PASS,TECHNICAL_REVIEW_CANDIDATE,new art field/child readability; no human acceptance inferred
m26,3,NEW_SOURCE_PRESERVING_CANDIDATE,ALL_STEPS_ORDERED_TEST_PASS,TECHNICAL_REVIEW_CANDIDATE,new art field/child readability; no human acceptance inferred
m27,4,NEW_SOURCE_PRESERVING_CANDIDATE,ALL_STEPS_ORDERED_TEST_PASS,TECHNICAL_REVIEW_CANDIDATE,new art field/child readability; no human acceptance inferred
m28,3,NEW_SOURCE_PRESERVING_CANDIDATE,ALL_STEPS_ORDERED_TEST_PASS,TECHNICAL_REVIEW_CANDIDATE,new art field/child readability; no human acceptance inferred
m29,3,NEW_SOURCE_PRESERVING_CANDIDATE,ALL_STEPS_ORDERED_TEST_PASS,TECHNICAL_REVIEW_CANDIDATE,new art field/child readability; no human acceptance inferred
m30,3,NEW_SOURCE_PRESERVING_CANDIDATE,ALL_STEPS_ORDERED_TEST_PASS,TECHNICAL_REVIEW_CANDIDATE,new art field/child readability; no human acceptance inferred
m31,2,NEW_SOURCE_PRESERVING_CANDIDATE,ALL_STEPS_ORDERED_TEST_PASS,TECHNICAL_REVIEW_CANDIDATE,new art field/child readability; no human acceptance inferred
m32,2,NEW_SOURCE_PRESERVING_CANDIDATE,ALL_STEPS_ORDERED_TEST_PASS,TECHNICAL_REVIEW_CANDIDATE,new art field/child readability; no human acceptance inferred
m33,3,NEW_SOURCE_PRESERVING_CANDIDATE,ALL_STEPS_ORDERED_TEST_PASS,TECHNICAL_REVIEW_CANDIDATE,new art field/child readability; no human acceptance inferred
m34,3,NEW_SOURCE_PRESERVING_CANDIDATE,ALL_STEPS_ORDERED_TEST_PASS,TECHNICAL_REVIEW_CANDIDATE,new art field/child readability; no human acceptance inferred
m35,4,NEW_SOURCE_PRESERVING_CANDIDATE,ALL_STEPS_ORDERED_TEST_PASS,TECHNICAL_REVIEW_CANDIDATE,new art field/child readability; no human acceptance inferred
m36,4,NEW_SOURCE_PRESERVING_CANDIDATE,ALL_STEPS_ORDERED_TEST_PASS,TECHNICAL_REVIEW_CANDIDATE,new art field/child readability; no human acceptance inferred
