area,score_0_10,weight_pct,weighted_contribution,live_evidence,us_behavior_link,smallest_remaining_work
"First use and conversion",8.4,15,1.260,"No occlusion at 5 viewports (elementFromPoint + repo checker 12/12); level preselected; one-tap start; no-app/no-account/no-ads above the fold. At 320x568 and in landscape part of the level chooser sits below the scroller fold with no affordance (0% visible at 568x320); Play tab CTA below fold at 320x568.","Pew 2025: transition must be low-friction and non-judgemental","Make all three level cards >=90% visible at first paint or add a scroll affordance"
"Mission discovery and selection",8.8,15,1.320,"36 missions, 6 packs x 6, metadata on cards, Pick one for me, Mission Book, Up next; 8/13 Missions-tab actions in first viewport at 390x844","CDC: give limited simple choices","Raise first-viewport action density in landscape"
"Mission comprehension and child-led play",9.1,16,1.456,"36/36 sheets opened live: 3 steps, win condition, equipment, illustration, phone-down 36/36, Kids Challenge 36/36, Parent Tip 36/36; full role preflight on all 8 missions needing 3+ players","Frontiers 2025: developmentally appropriate, clear roles, adaptable","Field-test comprehension with real 3-5 year olds"
"Safety and parent trust",7.8,15,1.170,"Mission-specific safety and adult-nearby on 36/36; fixed footer contradicts the mission instruction on 7/36; extended stop-condition block on only 4/36 and absent from Sky High Jump (35)","CDC: explain what to do, not only what not to do; Mott: 48% stay beside the child","Stop the general footer contradicting the 7 missions; extend the safety block to all height/distance/running missions"
"Family, team and profile",8.7,12,1.044,"Family first viewport carries Pick a Mission and Add a player; profile empty-name validation proven (aria-invalid, aria-describedby, role=alert, visible message, focus returned)","Frontiers 2025: family engagement and role clarity","Verify multi-child turn-taking with real siblings"
"Accessibility and responsive",8.5,12,1.020,"All visible controls named across 4 tabs; visible focus on 14/14 tab stops (3px outline); 0 horizontal overflow at 320/390/430/568/844, at 195px and at 200% text; 36 reduced-motion blocks; 7 polite live regions; repo a11y/dialog/zoom suites pass","WCAG 2.2: visible focus, target size, reflow, keyboard access","Make the running-state Pause reachable by pointer and keyboard; test with a real screen reader"
"Persistence, update, reset and offline",8.6,8,0.688,"Offline banner shown and missions still open; XP/streak/done persist and revert exactly on Undo; reset is a deliberate 1200ms hold (HOLD_MS=1200, app.js:6331)","Rural/low-income barrier literature: offline and low-resource paths matter","Exercise the update-path branches end to end"
"3D Hub and optional extras",8.8,7,0.616,"Real 390x844 WebGL canvas renders the island; zone progress, menu, GO TO NEXT MISSION and first-run modal all present; exit returns tab-hub3d -> tab-today with 0 page errors; repo check-hub-fallback 6/6 including the no-WebGL refusal path. Core missions never depend on it","Optional depth, never a dependency","Verify frame rate and GPU behaviour on real device hardware"
"WEIGHTED TOTAL",8.57,100,8.574,"Heuristic expert result measured against bytes proven identical to production (44/44 assets)","Not a field score - no real family, child or caregiver was tested","See JUMVI_CURRENT_FIX_BACKLOG.md"
